"Наименование и группы","январь","февраль","март","апрель","май","июнь","июль","август","сентябрь","октябрь","ноябрь","декабрь","Общее","Тип программы"
"Машинист эл.поезда М-227","","4","64","","","","","","","","","","68","Основные программы профессионального обучения по ученическим договорам"
"Машинист эл.поезда М-228","312","392","304","","","4","64","","","","","","312","Основные программы профессионального обучения по ученическим договорам"
"Машинист эл.поезда М-229","","","","","8","344","448","434","110","","","68","0","Основные программы профессионального обучения по ученическим договорам"
"Машинист эл.поезда М-230","","","","","","","","","48","256","288","368","0","Основные программы профессионального обучения по ученическим договорам"
"Машинист эл.поезда М-231","","","","","","","","","","","","40","0","Основные программы профессионального обучения по ученическим договорам"
"Машинист мотовоза ММ-25","","","","","","24","176","48","40","","","","0","Основные программы профессионального обучения по ученическим договорам"
"Машинист эскалатора МЭ-85","","","","","","","","96","176","168","124","58","0","Основные программы профессионального обучения по ученическим договорам"
"Машинист электровоза (подг.) МЭВП-1","","","","40","120","80","20","20","","","","","0","Основные программы профессионального обучения по ученическим договорам"
"Кассир билетный 2 разряд О-245","","","80","12","","","","","","","","","0","Основные программы профессионального обучения по ученическим договорам"
"Кассир билетный 2 разряд О-246","","","","","","","","","32","60","","","0","Основные программы профессионального обучения по ученическим договорам"
"Кассир билетный 2 разряд О-247","","","","","","","","","","","56","36","0","Основные программы профессионального обучения по ученическим договорам"
"Контролер КСД-19","","","80","12","","","","","","","","","0","Основные программы профессионального обучения по ученическим договорам"
"Контролер КСД-20","","","","","","","40","52","","","","","0","Основные программы профессионального обучения по ученическим договорам"
"Контролер КСД-21","","","","","","","","","","80","12","","0","Основные программы профессионального обучения по ученическим договорам"
"Дежурный у эскалатора ДЭ-2","","","98","24","","","","","","","","","0","Основные программы профессионального обучения по ученическим договорам"
"Дежурный у эскалатора ДЭ-3","","","","36","62","24","","","","","","","0","Основные программы профессионального обучения по ученическим договорам"
"Дежурный у эскалатора ДЭ-4","","","","","","","","90","32","","","","0","Основные программы профессионального обучения по ученическим договорам"
"Дежурный у эскалатора ДЭ-5","","","","","","","","","","98","24","","0","Основные программы профессионального обучения по ученическим договорам"
"Дежурный у эскалатора ДЭ-6","","","","","","","","","","","56","66","0","Основные программы профессионального обучения по ученическим договорам"
"Дежурный ДПОП-17","","24","104","","","","","","","","","","0","Основные программы профессионального обучения по ученическим договорам"
"Дежурный ДПОП-18","","","","","","64","64","","","","","","0","Основные программы профессионального обучения по ученическим договорам"
"Дежурный ДПОП-19","","","","","","","","120","8","","","","0","Основные программы профессионального обучения по ученическим договорам"
"Дежурный ДПОП-20","","","","","","","","","72","56","","","0","Основные программы профессионального обучения по ученическим договорам"
"Итого по разделу ","312","420","730","124","190","540","812","860","518","718","560","636","312","Основные программы профессионального обучения по ученическим договорам"
"Монтер и обходчик пути П-66","","","80","16","","","","","","","","","96","Основные программы профессионального обучени"
"Монтер и обходчик пути (повыш) П-67","","","","","","","","","32","64","","","0","Основные программы профессионального обучени"
"Монтер и обходчик пути (повыш) П-68","","","","","","","","","","40","56","","0","Основные программы профессионального обучени"
"Дежурный ДПОПП-1","","","","68","12","","","","","","","","0","Основные программы профессионального обучени"
"Машинист эл.поезда 1 кл. ПКМ-27","","","96","","","","","","","","","","0","Основные программы профессионального обучени"
"Машинист эл.поезда 2 кл. ПКМ-28","","","","","","","","","96","","","","0","Основные программы профессионального обучени"
"Машинист эл.поезда 2 кл. ПКМ-29","","","","","","","","","","","96","","0","Основные программы профессионального обучени"
"Машинист эл.воза (повыш) МЭВПК-11","","","64","","","","","","","","","","0","Основные программы профессионального обучени"
"Машинист мотовоза (повыш) ММПК-10","","","","","","","","","","","70","","0","Основные программы профессионального обучени"
"Слесарь по рем. ПС (подгот) СПС-29","","","","","","112","","","12","","","","0","Основные программы профессионального обучени"
"Слесарь по рем. ПС (повыш) СПС-30","","","","","","","","","48","12","","","0","Основные программы профессионального обучени"
"Слесарь по рем. ПС (повыш) СПС-31","","","","","","","","","","","60","","0","Основные программы профессионального обучени"
"Слесарь-ремонтник (повыш) СР-11","","108","12","","","","","","","","","","0","Основные программы профессионального обучени"
"Слесарь-элек. по рем об. метр(пов) СЭ-21","","","","","","","","","","40","56","","0","Основные программы профессионального обучени"
"Эл.монтер тяг. подстанции (повыш) ЭМ-36","","","40","44","","","","","","","","","0","Основные программы профессионального обучени"
"Эл.монтер по рем. и обсл. эл.(повыш)ЭМ37","","","","","36","48","","","","","","","0","Основные программы профессионального обучени"
"Эл.монтер по рем. и обсл. эл.(повыш)ЭМ38","","","","","","","","","28","44","12","","0","Основные программы профессионального обучени"
"Кассир билетный 3 разряда СО-148","","92","","","","","","","","","","","0","Основные программы профессионального обучени"
"Кассир билетный 3 разряда СО-149","","","","","","","","92","","","","","0","Основные программы профессионального обучени"
"Кассир билетный 3 разряда СО-150","","","","","","","","","","","92","","0","Основные программы профессионального обучени"
"Дежурный у эскалатора (перепод) ДЭС-12","","86","","","","","","","","","","","0","Основные программы профессионального обучени"
"Дежурный у эскалатора (перепод) ДЭС-13","","","86","","","","","","","","","","0","Основные программы профессионального обучени"
"Дежурный у эскалатора (перепод) ДЭС-14","","","","86","","","","","","","","","0","Основные программы профессионального обучени"
"Дежурный у эскалатора (перепод) ДЭС-15","","","","","","","","","86","","","","0","Основные программы профессионального обучени"
"Дежурный у эскалатора (перепод) ДЭС-16","","","","","","","","","","74","12","","0","Основные программы профессионального обучени"
"Дежурный у эскалатора (перепод) ДЭС-17","","","","","","","","","","","86","","0","Основные программы профессионального обучени"
"Дежурный у эскалатора (перепод) ДЭС-18","","","","","","","","","","","","86","0","Основные программы профессионального обучени"
"Итого по разделу ","0","286","378","214","48","160","0","92","302","274","540","86","0","Основные программы профессионального обучени"
"Радиационная безопасность РБ-1","","","72","","","","","","","","","","72","Дополнительные профессиональные программы (повышение квалификации)"
"Радиационная безопасность РБ-2","","","","72","","","","","","","","","0","Дополнительные профессиональные программы (повышение квалификации)"
"Радиационная безопасность РБ-3","","","","","72","","","","","","","","0","Дополнительные профессиональные программы (повышение квалификации)"
"Радиационная безопасность РБ-4","","","","","","72","","","","","","","0","Дополнительные профессиональные программы (повышение квалификации)"
"Радиационная безопасность РБ-5","","","","","","","","","72","","","","0","Дополнительные профессиональные программы (повышение квалификации)"
"Радиационная безопасность РБ-6","","","","","","","","","","","","72","0","Дополнительные профессиональные программы (повышение квалификации)"
"Ответственный за радиац безоп ОРБ-1","","","","72","","","","","","","","","0","Дополнительные профессиональные программы (повышение квалификации)"
"Ответственный за радиац безоп ОРБ-2","","","","","","","","72","","","","","0","Дополнительные профессиональные программы (повышение квалификации)"
"Управ. эск. с пульта ниж. площ Э-269","","","","50","","","","","","","","","0","Дополнительные профессиональные программы (повышение квалификации)"
"Управ. эск. с пульта ниж. площ Э-270","","","","","","50","","","","","","","0","Дополнительные профессиональные программы (повышение квалификации)"
"Управ. эск. с пульта ниж. площ Э-271","","","","","","","","","","50","","","0","Дополнительные профессиональные программы (повышение квалификации)"
"Управ. эск. с пульта ниж. площ Э-272","","","","","","","","","","","50","","0","Дополнительные профессиональные программы (повышение квалификации)"
"Управ. эск. с перен.пульта Э-267","","50","","","","","","","","","","","0","Дополнительные профессиональные программы (повышение квалификации)"
"Управ. эск. с перен.пульта Э-268","","","50","","","","","","","","","","0","Дополнительные профессиональные программы (повышение квалификации)"
"Обучение работе на снег. Машине СУ-19","","72","22","","","","","","","","","","0","Дополнительные профессиональные программы (повышение квалификации)"
"Новые типы эскалаторов ПКЭК-11","","","16","","","","","","","","","","0","Дополнительные профессиональные программы (повышение квалификации)"
"Новые типы эскалаторов ПКЭК-12","","","","16","","","","","","","","","0","Дополнительные профессиональные программы (повышение квалификации)"
"Новые типы эскалаторов ПКЭК-13","","","","","16","","","","","","","","0","Дополнительные профессиональные программы (повышение квалификации)"
"Новые типы эскалаторов ПКЭК-14","","","","","","","","","16","","","","0","Дополнительные профессиональные программы (повышение квалификации)"
"Новые типы эскалаторов ПКЭК-15","","","","","","","","","","16","","","0","Дополнительные профессиональные программы (повышение квалификации)"
"Итого по разделу ","0","122","160","210","88","122","0","72","88","66","50","72","0","Дополнительные профессиональные программы (повышение квалификации)"
"Инст. для слесарей по рем.  ПС СПСИ-11","","","","","","","","","","","24","","24","Дополнительные профессиональные программы (инструктажи, консультации, стажировки)"
"Инст. для мастеров участ. Ремонта МР-21","","","","","","","","","","24","","","0","Дополнительные профессиональные программы (инструктажи, консультации, стажировки)"
"Инст. для машинист-инструктор л/б МИ-19","","","","","","","","","","","24","","0","Дополнительные профессиональные программы (инструктажи, консультации, стажировки)"
"Контролер АПП (Переподготовка) КДС-17","","","","","","12","","","","","","","0","Дополнительные профессиональные программы (инструктажи, консультации, стажировки)"
"Подгот. по вопр. ПБ и ПУБЭ эск. ПП-84","","8","","","","","","","","","","","0","Дополнительные профессиональные программы (инструктажи, консультации, стажировки)"
"Подгот. по вопр. ПБ и ПУБЭ эск. ПП-85","","","8","","","","","","","","","","0","Дополнительные профессиональные программы (инструктажи, консультации, стажировки)"
"Подгот. по вопр. ПБ и ПУБЭ эск. ПП-86","","","","","8","","","","","","","","0","Дополнительные профессиональные программы (инструктажи, консультации, стажировки)"
"Подгот. по вопр. ПБ и ПУБЭ эск. ПП-87","","","","","","","","","","8","","","0","Дополнительные профессиональные программы (инструктажи, консультации, стажировки)"
"Пожарно-тех. минимум для рабочих ПБ-629","12","","","","","","","","","","","","12","Дополнительные профессиональные программы (инструктажи, консультации, стажировки)"
"Пожарно-тех. минимум для рабочих ПБ-630","12","","","","","","","","","","","","12","Дополнительные профессиональные программы (инструктажи, консультации, стажировки)"
"Пожарно-тех. минимум для рабочих ПБ-631","12","","","","","","","","","","","","12","Дополнительные профессиональные программы (инструктажи, консультации, стажировки)"
"Пожарно-тех. минимум для рабочих ПБ-632","12","","","","","","","","","","","","12","Дополнительные профессиональные программы (инструктажи, консультации, стажировки)"
"Пожарно-тех. минимум для рабочих ПБ-634","12","","","","","","","","","","","","12","Дополнительные профессиональные программы (инструктажи, консультации, стажировки)"
"Пожарно-тех. минимум для рабочих ПБ-635","12","","","","","","","","","","","","12","Дополнительные профессиональные программы (инструктажи, консультации, стажировки)"
"Пожарно-тех. минимум для рабочих ПБ-637","","12","","","","","","","","","","","0","Дополнительные профессиональные программы (инструктажи, консультации, стажировки)"
"Пожарно-тех. минимум для рабочих ПБ-638","","12","","","","","","","","","","","0","Дополнительные профессиональные программы (инструктажи, консультации, стажировки)"
"Пожарно-тех. минимум для рабочих ПБ-639","","12","","","","","","","","","","","0","Дополнительные профессиональные программы (инструктажи, консультации, стажировки)"
"Пожарно-тех. минимум для рабочих ПБ-640","","12","","","","","","","","","","","0","Дополнительные профессиональные программы (инструктажи, консультации, стажировки)"
"Пожарно-тех. минимум для рабочих ПБ-641","","12","","","","","","","","","","","0","Дополнительные профессиональные программы (инструктажи, консультации, стажировки)"
"Пожарно-тех. минимум для рабочих ПБ-642","","12","","","","","","","","","","","0","Дополнительные профессиональные программы (инструктажи, консультации, стажировки)"
"Пожарно-тех. минимум для рабочих ПБ-646","","","12","","","","","","","","","","0","Дополнительные профессиональные программы (инструктажи, консультации, стажировки)"
"Пожарно-тех. минимум для рабочих ПБ-647","","","12","","","","","","","","","","0","Дополнительные профессиональные программы (инструктажи, консультации, стажировки)"
"Пожарно-тех. минимум для рабочих ПБ-648","","","12","","","","","","","","","","0","Дополнительные профессиональные программы (инструктажи, консультации, стажировки)"
"Пожарно-тех. минимум для рабочих ПБ-649","","","12","","","","","","","","","","0","Дополнительные профессиональные программы (инструктажи, консультации, стажировки)"
"Пожарно-тех. минимум для рабочих ПБ-650","","","12","","","","","","","","","","0","Дополнительные профессиональные программы (инструктажи, консультации, стажировки)"
"Пожарно-тех. минимум для рабочих ПБ-651","","","12","","","","","","","","","","0","Дополнительные профессиональные программы (инструктажи, консультации, стажировки)"
"Пожарно-тех. минимум для рабочих ПБ-652","","","12","","","","","","","","","","0","Дополнительные профессиональные программы (инструктажи, консультации, стажировки)"
"Пожарно-тех. минимум для рабочих ПБ-656","","","","12","","","","","","","","","0","Дополнительные профессиональные программы (инструктажи, консультации, стажировки)"
"Пожарно-тех. минимум для рабочих ПБ-657","","","","12","","","","","","","","","0","Дополнительные профессиональные программы (инструктажи, консультации, стажировки)"
"Пожарно-тех. минимум для рабочих ПБ-659","","","","12","","","","","","","","","0","Дополнительные профессиональные программы (инструктажи, консультации, стажировки)"
"Пожарно-тех. минимум для рабочих ПБ-660","","","","12","","","","","","","","","0","Дополнительные профессиональные программы (инструктажи, консультации, стажировки)"
"Пожарно-тех. минимум для рабочих ПБ-662","","","","12","","","","","","","","","0","Дополнительные профессиональные программы (инструктажи, консультации, стажировки)"
"Пожарно-тех. минимум для рабочих ПБ-663","","","","12","","","","","","","","","0","Дополнительные профессиональные программы (инструктажи, консультации, стажировки)"
"Пожарно-тех. минимум для рабочих ПБ-664","","","","","12","","","","","","","","0","Дополнительные профессиональные программы (инструктажи, консультации, стажировки)"
"Пожарно-тех. минимум для рабочих ПБ-665","","","","","12","","","","","","","","0","Дополнительные профессиональные программы (инструктажи, консультации, стажировки)"
"Пожарно-тех. минимум для рабочих ПБ-667","","","","","12","","","","","","","","0","Дополнительные профессиональные программы (инструктажи, консультации, стажировки)"
"Пожарно-тех. минимум для рабочих ПБ-668","","","","","12","","","","","","","","0","Дополнительные профессиональные программы (инструктажи, консультации, стажировки)"
"Пожарно-тех. минимум для рабочих ПБ-669","","","","","12","","","","","","","","0","Дополнительные профессиональные программы (инструктажи, консультации, стажировки)"
"Пожарно-тех. минимум для рабочих ПБ-672","","","","","","12","","","","","","","0","Дополнительные профессиональные программы (инструктажи, консультации, стажировки)"
"Пожарно-тех. минимум для рабочих ПБ-673","","","","","","12","","","","","","","0","Дополнительные профессиональные программы (инструктажи, консультации, стажировки)"
"Пожарно-тех. минимум для рабочих ПБ-674","","","","","","12","","","","","","","0","Дополнительные профессиональные программы (инструктажи, консультации, стажировки)"
"Пожарно-тех. минимум для рабочих ПБ-676","","","","","","","12","","","","","","0","Дополнительные профессиональные программы (инструктажи, консультации, стажировки)"
"Пожарно-тех. минимум для рабочих ПБ-677","","","","","","","","12","","","","","0","Дополнительные профессиональные программы (инструктажи, консультации, стажировки)"
"Пожарно-тех. минимум для рабочих ПБ-678","","","","","","","","12","","","","","0","Дополнительные профессиональные программы (инструктажи, консультации, стажировки)"
"Пожарно-тех. минимум для рабочих ПБ-679","","","","","","","","12","","","","","0","Дополнительные профессиональные программы (инструктажи, консультации, стажировки)"
"Пожарно-тех. минимум для рабочих ПБ-682","","","","","","","","","12","","","","0","Дополнительные профессиональные программы (инструктажи, консультации, стажировки)"
"Пожарно-тех. минимум для рабочих ПБ-683","","","","","","","","","12","","","","0","Дополнительные профессиональные программы (инструктажи, консультации, стажировки)"
"Пожарно-тех. минимум для рабочих ПБ-684","","","","","","","","","12","","","","0","Дополнительные профессиональные программы (инструктажи, консультации, стажировки)"
"Пожарно-тех. минимум для рабочих ПБ-685","","","","","","","","","12","","","","0","Дополнительные профессиональные программы (инструктажи, консультации, стажировки)"
"Пожарно-тех. минимум для рабочих ПБ-687","","","","","","","","","12","","","","0","Дополнительные профессиональные программы (инструктажи, консультации, стажировки)"
"Пожарно-тех. минимум для рабочих ПБ-689","","","","","","","","","12","","","","0","Дополнительные профессиональные программы (инструктажи, консультации, стажировки)"
"Пожарно-тех. минимум для рабочих ПБ-690","","","","","","","","","","12","","","0","Дополнительные профессиональные программы (инструктажи, консультации, стажировки)"
"Пожарно-тех. минимум для рабочих ПБ-691","","","","","","","","","","12","","","0","Дополнительные профессиональные программы (инструктажи, консультации, стажировки)"
"Пожарно-тех. минимум для рабочих ПБ-692","","","","","","","","","","12","","","0","Дополнительные профессиональные программы (инструктажи, консультации, стажировки)"
"Пожарно-тех. минимум для рабочих ПБ-693","","","","","","","","","","12","","","0","Дополнительные профессиональные программы (инструктажи, консультации, стажировки)"
"Пожарно-тех. минимум для рабочих ПБ-695","","","","","","","","","","12","","","0","Дополнительные профессиональные программы (инструктажи, консультации, стажировки)"
"Пожарно-тех. минимум для рабочих ПБ-696","","","","","","","","","","12","","","0","Дополнительные профессиональные программы (инструктажи, консультации, стажировки)"
"Пожарно-тех. минимум для рабочих ПБ-699","","","","","","","","","","","12","","0","Дополнительные профессиональные программы (инструктажи, консультации, стажировки)"
"Пожарно-тех. минимум для рабочих ПБ-700","","","","","","","","","","","12","","0","Дополнительные профессиональные программы (инструктажи, консультации, стажировки)"
"Пожарно-тех. минимум для рабочих ПБ-702","","","","","","","","","","","12","","0","Дополнительные профессиональные программы (инструктажи, консультации, стажировки)"
"Пожарно-тех. минимум для рабочих ПБ-703","","","","","","","","","","","12","","0","Дополнительные профессиональные программы (инструктажи, консультации, стажировки)"
"Пожарно-тех. минимум для рабочих ПБ-705","","","","","","","","","","","12","","0","Дополнительные профессиональные программы (инструктажи, консультации, стажировки)"
"Пожарно-тех. минимум для рабочих ПБ-706","","","","","","","","","","","12","","0","Дополнительные профессиональные программы (инструктажи, консультации, стажировки)"
"Пожарно-тех. минимум для рабочих ПБ-707","","","","","","","","","","","12","","0","Дополнительные профессиональные программы (инструктажи, консультации, стажировки)"
"Пожарно-тех. минимум для рабочих ПБ-709","","","","","","","","","","","","12","0","Дополнительные профессиональные программы (инструктажи, консультации, стажировки)"
"Пожарно-тех. минимум для рабочих ПБ-710","","","","","","","","","","","","12","0","Дополнительные профессиональные программы (инструктажи, консультации, стажировки)"
"Пожарно-тех. минимум для рабочих ПБ-711","","","","","","","","","","","","12","0","Дополнительные профессиональные программы (инструктажи, консультации, стажировки)"
"Пожарно-тех. минимум для рабочих ПБ-712","","","","","","","","","","","","12","0","Дополнительные профессиональные программы (инструктажи, консультации, стажировки)"
"Пожарно-тех. минимум для рабочих ПБ-713","","","","","","","","","","","","12","0","Дополнительные профессиональные программы (инструктажи, консультации, стажировки)"
"Пожарно-тех. минимум для руковод. ПБ-628","7","","","","","","","","","","","","7","Дополнительные профессиональные программы (инструктажи, консультации, стажировки)"
"Пожарно-тех. минимум для руковод. ПБ-633","7","","","","","","","","","","","","7","Дополнительные профессиональные программы (инструктажи, консультации, стажировки)"
"Пожарно-тех. минимум для руковод. ПБ-636","7","","","","","","","","","","","","7","Дополнительные профессиональные программы (инструктажи, консультации, стажировки)"
"Пожарно-тех. минимум для руковод. ПБ-643","","7","","","","","","","","","","","0","Дополнительные профессиональные программы (инструктажи, консультации, стажировки)"
"Пожарно-тех. минимум для руковод. ПБ-644","","7","","","","","","","","","","","0","Дополнительные профессиональные программы (инструктажи, консультации, стажировки)"
"Пожарно-тех. минимум для руковод. ПБ-645","","7","","","","","","","","","","","0","Дополнительные профессиональные программы (инструктажи, консультации, стажировки)"
"Пожарно-тех. минимум для руковод. ПБ-653","","","7","","","","","","","","","","0","Дополнительные профессиональные программы (инструктажи, консультации, стажировки)"
"Пожарно-тех. минимум для руковод. ПБ-654","","","7","","","","","","","","","","0","Дополнительные профессиональные программы (инструктажи, консультации, стажировки)"
"Пожарно-тех. минимум для руковод. ПБ-655","","","","7","","","","","","","","","0","Дополнительные профессиональные программы (инструктажи, консультации, стажировки)"
"Пожарно-тех. минимум для руковод. ПБ-658","","","","7","","","","","","","","","0","Дополнительные профессиональные программы (инструктажи, консультации, стажировки)"
"Пожарно-тех. минимум для руковод. ПБ-661","","","","7","","","","","","","","","0","Дополнительные профессиональные программы (инструктажи, консультации, стажировки)"
"Пожарно-тех. минимум для руковод. ПБ-666","","","","","7","","","","","","","","0","Дополнительные профессиональные программы (инструктажи, консультации, стажировки)"
"Пожарно-тех. минимум для руковод. ПБ-670","","","","","7","","","","","","","","0","Дополнительные профессиональные программы (инструктажи, консультации, стажировки)"
"Пожарно-тех. минимум для руковод. ПБ-671","","","","","","7","","","","","","","0","Дополнительные профессиональные программы (инструктажи, консультации, стажировки)"
"Пожарно-тех. минимум для руковод. ПБ-675","","","","","","","7","","","","","","0","Дополнительные профессиональные программы (инструктажи, консультации, стажировки)"
"Пожарно-тех. минимум для руковод. ПБ-680","","","","","","","","7","","","","","0","Дополнительные профессиональные программы (инструктажи, консультации, стажировки)"
"Пожарно-тех. минимум для руковод. ПБ-681","","","","","","","","","7","","","","0","Дополнительные профессиональные программы (инструктажи, консультации, стажировки)"
"Пожарно-тех. минимум для руковод. ПБ-686","","","","","","","","","7","","","","0","Дополнительные профессиональные программы (инструктажи, консультации, стажировки)"
"Пожарно-тех. минимум для руковод. ПБ-688","","","","","","","","","7","","","","0","Дополнительные профессиональные программы (инструктажи, консультации, стажировки)"
"Пожарно-тех. минимум для руковод. ПБ-694","","","","","","","","","","7","","","0","Дополнительные профессиональные программы (инструктажи, консультации, стажировки)"
"Пожарно-тех. минимум для руковод. ПБ-697","","","","","","","","","","7","","","0","Дополнительные профессиональные программы (инструктажи, консультации, стажировки)"
"Пожарно-тех. минимум для руковод. ПБ-698","","","","","","","","","","7","","","0","Дополнительные профессиональные программы (инструктажи, консультации, стажировки)"
"Пожарно-тех. минимум для руковод. ПБ-701","","","","","","","","","","","7","","0","Дополнительные профессиональные программы (инструктажи, консультации, стажировки)"
"Пожарно-тех. минимум для руковод. ПБ-704","","","","","","","","","","","7","","0","Дополнительные профессиональные программы (инструктажи, консультации, стажировки)"
"Пожарно-тех. минимум для руковод. ПБ-714","","","","","","","","","","","","7","0","Дополнительные профессиональные программы (инструктажи, консультации, стажировки)"
"Пожарно-тех. минимум для руковод. ПБ-715","","","","","","","","","","","","7","0","Дополнительные профессиональные программы (инструктажи, консультации, стажировки)"
"Docs Vision5 (4ч.) DV-22","4","","","","","","","","","","","","4","Дополнительные профессиональные программы (инструктажи, консультации, стажировки)"
"Docs Vision5 (4ч.) DV-24","","","4","","","","","","","","","","0","Дополнительные профессиональные программы (инструктажи, консультации, стажировки)"
"Docs Vision5 (4ч.) DV-26","","","","","4","","","","","","","","0","Дополнительные профессиональные программы (инструктажи, консультации, стажировки)"
"Docs Vision5 (4ч.) DV-27","","","","","","","","","","4","","","0","Дополнительные профессиональные программы (инструктажи, консультации, стажировки)"
"Docs Vision5 (8 ч.) DV-23","","8","","","","","","","","","","","0","Дополнительные профессиональные программы (инструктажи, консультации, стажировки)"
"Docs Vision5 (8 ч.) DV-25","","","","4","4","","","","","","","","0","Дополнительные профессиональные программы (инструктажи, консультации, стажировки)"
"Стажировка по ПЭВМ ПК-133","","","","","16","16","","","","","","","0","Дополнительные профессиональные программы (инструктажи, консультации, стажировки)"
"Стажировка с прогр. Еxcel EX-25","","20","12","","","","","","","","","","0","Дополнительные профессиональные программы (инструктажи, консультации, стажировки)"
"Стажировка с прогр. Еxcel EX-26","","","","32","","","","","","","","","0","Дополнительные профессиональные программы (инструктажи, консультации, стажировки)"
"Стажировка с прогр. Еxcel EX-27","","","","","","","","","","","20","12","0","Дополнительные профессиональные программы (инструктажи, консультации, стажировки)"
"Инст. по безоп.  дорож. Движения БД-49","","24","","","","","","","","","","","0","Дополнительные профессиональные программы (инструктажи, консультации, стажировки)"
"Инст. по безоп.  дорож. Движения БД-50","","24","","","","","","","","","","","0","Дополнительные профессиональные программы (инструктажи, консультации, стажировки)"
"Инст. по безоп.  дорож. Движения БД-51","","","24","","","","","","","","","","0","Дополнительные профессиональные программы (инструктажи, консультации, стажировки)"
"Инст. по безоп.  дорож. Движения БД-52","","","24","","","","","","","","","","0","Дополнительные профессиональные программы (инструктажи, консультации, стажировки)"
"Инст. по безоп.  дорож. Движения БД-53","","","","24","","","","","","","","","0","Дополнительные профессиональные программы (инструктажи, консультации, стажировки)"
"Инст. по безоп.  дорож. Движения БД-54","","","","24","","","","","","","","","0","Дополнительные профессиональные программы (инструктажи, консультации, стажировки)"
"Инст. по безоп.  дорож. Движения БД-55","","","","","","","","","24","","","","0","Дополнительные профессиональные программы (инструктажи, консультации, стажировки)"
"Инст. по безоп.  дорож. Движения БД-56","","","","","","","","","","24","","","0","Дополнительные профессиональные программы (инструктажи, консультации, стажировки)"
"Инст. по безоп.  дорож. Движения БД-57","","","","","","","","","","","24","","0","Дополнительные профессиональные программы (инструктажи, консультации, стажировки)"
"Инст. по безоп.  дорож. Движения БД-58","","","","","","","","","","","24","","0","Дополнительные профессиональные программы (инструктажи, консультации, стажировки)"
"Инст. по безоп.  дорож. Движения БД-59","","","","","","","","","","","","24","0","Дополнительные профессиональные программы (инструктажи, консультации, стажировки)"
"Инст. по безоп.  дорож. Движения БД-60","","","","","","","","","","","","24","0","Дополнительные профессиональные программы (инструктажи, консультации, стажировки)"
"Оказание первой помощи ОПМ-49","","","","4","","","","","","","","","0","Дополнительные профессиональные программы (инструктажи, консультации, стажировки)"
"Оказание первой помощи ОПМ-50","","","","","","4","","","","","","","0","Дополнительные профессиональные программы (инструктажи, консультации, стажировки)"
"Оказание первой помощи ОПМ-51","","","","","","","","","","4","","","0","Дополнительные профессиональные программы (инструктажи, консультации, стажировки)"
"Оказание первой помощи ОПМ-52","","","","","","","","","","","4","","0","Дополнительные профессиональные программы (инструктажи, консультации, стажировки)"
"Оказание первой помощи ОПМ-53","","","","","","","","","","","","4","0","Дополнительные профессиональные программы (инструктажи, консультации, стажировки)"
"Техники эффективного общения ТГИ-75","8","","","","","","","","","","","","8","Дополнительные профессиональные программы (инструктажи, консультации, стажировки)"
"Техники эффективного общения ТГИ-76","8","","","","","","","","","","","","8","Дополнительные профессиональные программы (инструктажи, консультации, стажировки)"
"Техники эффективного общения ТГИ-77","","8","","","","","","","","","","","0","Дополнительные профессиональные программы (инструктажи, консультации, стажировки)"
"Техники эффективного общения ТГИ-78","","","8","","","","","","","","","","0","Дополнительные профессиональные программы (инструктажи, консультации, стажировки)"
"Техники эффективного общения ТГИ-79","","","8","","","","","","","","","","0","Дополнительные профессиональные программы (инструктажи, консультации, стажировки)"
"Техники эффективного общения ТГИ-80","","","","8","","","","","","","","","0","Дополнительные профессиональные программы (инструктажи, консультации, стажировки)"
"Техники эффективного общения ТГИ-81","","","","4","","","","","","","","","0","Дополнительные профессиональные программы (инструктажи, консультации, стажировки)"
"Техники эффективного общения ТГИ-82","","","","4","","","","","","","","","0","Дополнительные профессиональные программы (инструктажи, консультации, стажировки)"
"Техники эффективного общения ТГИ-83","","","","","4","","","","","","","","0","Дополнительные профессиональные программы (инструктажи, консультации, стажировки)"
"Техники эффективного общения ТГИ-84","","","","","8","","","","","","","","0","Дополнительные профессиональные программы (инструктажи, консультации, стажировки)"
"Техники эффективного общения ТГИ-85","","","","","4","","","","","","","","0","Дополнительные профессиональные программы (инструктажи, консультации, стажировки)"
"Техники эффективного общения ТГИ-86","","","","","4","","","","","","","","0","Дополнительные профессиональные программы (инструктажи, консультации, стажировки)"
"Техники эффективного общения ТГИ-87","","","","","8","","","","","","","","0","Дополнительные профессиональные программы (инструктажи, консультации, стажировки)"
"Техники эффективного общения ТГИ-88","","","","","","8","","","","","","","0","Дополнительные профессиональные программы (инструктажи, консультации, стажировки)"
"Техники эффективного общения ТГИ-89","","","","","","","8","","","","","","0","Дополнительные профессиональные программы (инструктажи, консультации, стажировки)"
"Техники эффективного общения ТГИ-90","","","","","","","8","","","","","","0","Дополнительные профессиональные программы (инструктажи, консультации, стажировки)"
"Техники эффективного общения ТГИ-91","","","","","","","4","","","","","","0","Дополнительные профессиональные программы (инструктажи, консультации, стажировки)"
"Техники эффективного общения ТГИ-92","","","","","","","","8","","","","","0","Дополнительные профессиональные программы (инструктажи, консультации, стажировки)"
"Техники эффективного общения ТГИ-93","","","","","","","","4","","","","","0","Дополнительные профессиональные программы (инструктажи, консультации, стажировки)"
"Техники эффективного общения ТГИ-94","","","","","","","","","4","","","","0","Дополнительные профессиональные программы (инструктажи, консультации, стажировки)"
"Техники эффективного общения ТГИ-95","","","","","","","","","8","","","","0","Дополнительные профессиональные программы (инструктажи, консультации, стажировки)"
"Техники эффективного общения ТГИ-96","","","","","","","","","8","","","","0","Дополнительные профессиональные программы (инструктажи, консультации, стажировки)"
"Техники эффективного общения ТГИ-97","","","","","","","","","","4","","","0","Дополнительные профессиональные программы (инструктажи, консультации, стажировки)"
"Техники эффективного общения ТГИ-98","","","","","","","","","","8","","","0","Дополнительные профессиональные программы (инструктажи, консультации, стажировки)"
"Техники эффективного общения ТГИ-99","","","","","","","","","","","8","","0","Дополнительные профессиональные программы (инструктажи, консультации, стажировки)"
"Техники эффективного общения ТГИ-100","","","","","","","","","","","4","","0","Дополнительные профессиональные программы (инструктажи, консультации, стажировки)"
"Техники эффективного общения ТГИ-101","","","","","","","","","","","8","","0","Дополнительные профессиональные программы (инструктажи, консультации, стажировки)"
"Техники эффективного общения ТГИ-102","","","","","","","","","","","","8","0","Дополнительные профессиональные программы (инструктажи, консультации, стажировки)"
"Техники эффективного общения ТГИ-103","","","","","","","","","","","","4","0","Дополнительные профессиональные программы (инструктажи, консультации, стажировки)"
"Основы управл.перс.для ст. касс ТСО-17","","8","","","","","","","","","","","0","Дополнительные профессиональные программы (инструктажи, консультации, стажировки)"
"Основы управл.перс.для ст. касс ТСО-18","","","","8","","","","","","","","","0","Дополнительные профессиональные программы (инструктажи, консультации, стажировки)"
"Основы управл.перс.для ст. касс ТСО-19","","","","","","8","","","","","","","0","Дополнительные профессиональные программы (инструктажи, консультации, стажировки)"
"Основы управл.перс.для ст. касс ТСО-20","","","","","","","","8","","","","","0","Дополнительные профессиональные программы (инструктажи, консультации, стажировки)"
"Основы управл.перс.для ст. касс ТСО-21","","","","","","","","","","8","","","0","Дополнительные профессиональные программы (инструктажи, консультации, стажировки)"
"Основы управл.перс.для ст. касс ТСО-22","","","","","","","","","","","","8","0","Дополнительные профессиональные программы (инструктажи, консультации, стажировки)"
"Противодействие коррупции ПКО-20","","8","","","","","","","","","","","0","Дополнительные профессиональные программы (инструктажи, консультации, стажировки)"
"Противодействие коррупции ПКО-21","","","","","","","","","8","","","","0","Дополнительные профессиональные программы (инструктажи, консультации, стажировки)"
"Управление рисками УР-2","","","","16","","","","","","","","","0","Дополнительные профессиональные программы (инструктажи, консультации, стажировки)"
"Порядок форм. тех. треб. ПФТТ-8","","","8","8","","","","","","","","","0","Дополнительные профессиональные программы (инструктажи, консультации, стажировки)"
"Порядок форм. тех. треб. ПФТТ-9","","","","","","","","","8","8","","","0","Дополнительные профессиональные программы (инструктажи, консультации, стажировки)"
"ПТЭ метрополитенов (8ч.) ПТЭС-76","8","","","","","","","","","","","","8","Дополнительные профессиональные программы (инструктажи, консультации, стажировки)"
"ПТЭ метрополитенов (8ч.) ПТЭС-77","","8","","","","","","","","","","","0","Дополнительные профессиональные программы (инструктажи, консультации, стажировки)"
"ПТЭ метрополитенов (8ч.) ПТЭС-78","","8","","","","","","","","","","","0","Дополнительные профессиональные программы (инструктажи, консультации, стажировки)"
"ПТЭ метрополитенов (8ч.) ПТЭС-79","","","8","","","","","","","","","","0","Дополнительные профессиональные программы (инструктажи, консультации, стажировки)"
"ПТЭ метрополитенов (8ч.) ПТЭС-80","","","8","","","","","","","","","","0","Дополнительные профессиональные программы (инструктажи, консультации, стажировки)"
"ПТЭ метрополитенов (8ч.) ПТЭС-81","","","","8","","","","","","","","","0","Дополнительные профессиональные программы (инструктажи, консультации, стажировки)"
"ПТЭ метрополитенов (8ч.) ПТЭС-82","","","","8","","","","","","","","","0","Дополнительные профессиональные программы (инструктажи, консультации, стажировки)"
"ПТЭ метрополитенов (8ч.) ПТЭС-83","","","","","8","","","","","","","","0","Дополнительные профессиональные программы (инструктажи, консультации, стажировки)"
"ПТЭ метрополитенов (8ч.) ПТЭС-84","","","","","","8","","","","","","","0","Дополнительные профессиональные программы (инструктажи, консультации, стажировки)"
"ПТЭ метрополитенов (8ч.) ПТЭС-85","","","","","","","8","","","","","","0","Дополнительные профессиональные программы (инструктажи, консультации, стажировки)"
"ПТЭ метрополитенов (8ч.) ПТЭС-86","","","","","","","","8","","","","","0","Дополнительные профессиональные программы (инструктажи, консультации, стажировки)"
"ПТЭ метрополитенов (8ч.) ПТЭС-87","","","","","","","","","8","","","","0","Дополнительные профессиональные программы (инструктажи, консультации, стажировки)"
"ПТЭ метрополитенов (8ч.) ПТЭС-88","","","","","","","","","","8","","","0","Дополнительные профессиональные программы (инструктажи, консультации, стажировки)"
"ПТЭ метрополитенов (8ч.) ПТЭС-89","","","","","","","","","","8","","","0","Дополнительные профессиональные программы (инструктажи, консультации, стажировки)"
"ПТЭ метрополитенов (8ч.) ПТЭС-90","","","","","","","","","","","8","","0","Дополнительные профессиональные программы (инструктажи, консультации, стажировки)"
"ПТЭ метрополитенов (8ч.) ПТЭС-91","","","","","","","","","","","8","","0","Дополнительные профессиональные программы (инструктажи, консультации, стажировки)"
"ПТЭ метрополитенов (8ч.) ПТЭС-92","","","","","","","","","","","","8","0","Дополнительные профессиональные программы (инструктажи, консультации, стажировки)"
"ПТЭ метрополитенов (4ч.) ПТЭР-65","4","","","","","","","","","","","","4","Дополнительные профессиональные программы (инструктажи, консультации, стажировки)"
"ПТЭ метрополитенов (4ч.) ПТЭР-66","","4","","","","","","","","","","","0","Дополнительные профессиональные программы (инструктажи, консультации, стажировки)"
"ПТЭ метрополитенов (4ч.) ПТЭР-67","","4","","","","","","","","","","","0","Дополнительные профессиональные программы (инструктажи, консультации, стажировки)"
"ПТЭ метрополитенов (4ч.) ПТЭР-68","","","4","","","","","","","","","","0","Дополнительные профессиональные программы (инструктажи, консультации, стажировки)"
"ПТЭ метрополитенов (4ч.) ПТЭР-69","","","","4","","","","","","","","","0","Дополнительные профессиональные программы (инструктажи, консультации, стажировки)"
"ПТЭ метрополитенов (4ч.) ПТЭР-70","","","","4","","","","","","","","","0","Дополнительные профессиональные программы (инструктажи, консультации, стажировки)"
"ПТЭ метрополитенов (4ч.) ПТЭР-71","","","","","4","","","","","","","","0","Дополнительные профессиональные программы (инструктажи, консультации, стажировки)"
"ПТЭ метрополитенов (4ч.) ПТЭР-72","","","","","","4","","","","","","","0","Дополнительные профессиональные программы (инструктажи, консультации, стажировки)"
"ПТЭ метрополитенов (4ч.) ПТЭР-73","","","","","","","4","","","","","","0","Дополнительные профессиональные программы (инструктажи, консультации, стажировки)"
"ПТЭ метрополитенов (4ч.) ПТЭР-74","","","","","","","","4","","","","","0","Дополнительные профессиональные программы (инструктажи, консультации, стажировки)"
"ПТЭ метрополитенов (4ч.) ПТЭР-75","","","","","","","","","4","","","","0","Дополнительные профессиональные программы (инструктажи, консультации, стажировки)"
"ПТЭ метрополитенов (4ч.) ПТЭР-76","","","","","","","","","4","","","","0","Дополнительные профессиональные программы (инструктажи, консультации, стажировки)"
"ПТЭ метрополитенов (4ч.) ПТЭР-77","","","","","","","","","","4","","","0","Дополнительные профессиональные программы (инструктажи, консультации, стажировки)"
"ПТЭ метрополитенов (4ч.) ПТЭР-78","","","","","","","","","","","4","","0","Дополнительные профессиональные программы (инструктажи, консультации, стажировки)"
"ПТЭ метрополитенов (4ч.) ПТЭР-79","","","","","","","","","","","4","","0","Дополнительные профессиональные программы (инструктажи, консультации, стажировки)"
"ПТЭ метрополитенов (4ч.) ПТЭР-80","","","","","","","","","","","","4","0","Дополнительные профессиональные программы (инструктажи, консультации, стажировки)"
"Итого по разделу","125","225","214","253","146","103","51","75","169","205","262","170","125","Дополнительные профессиональные программы (инструктажи, консультации, стажировки)"
"ВСЕГО:","437","1053","1482","801","472","925","863","1099","1077","1263","1412","964","437","ВСЕГО"
